"비경취업희망여부","비경취업가능성여부","기타활동사항_4주내비구직사유코드","기타활동사항_지난1년내구직활동유무","조사년월","연령5세단위코드","가중값","경제활동상태코드"
1,1,01,1,202008,02,0000366808,3
1,1,01,1,202008,02,0000468867,3
1,1,01,1,202008,02,0000484481,3
1,1,01,1,202008,02,0000515234,3
1,1,01,1,202008,02,0000601498,3
1,1,01,1,202008,02,0000645623,3
1,1,01,1,202008,02,0000741126,3
1,1,01,1,202008,02,0000915289,3
1,1,01,1,202008,02,0001213265,3
1,1,01,1,202008,02,0001309870,3
1,1,01,1,202008,02,0001504021,3
1,1,01,1,202008,02,0001704292,3
1,1,01,1,202008,03,0000438973,3
1,1,01,1,202008,03,0000438973,3
1,1,01,1,202008,03,0000465990,3
1,1,01,1,202008,03,0000465990,3
1,1,01,1,202008,03,0000508063,3
1,1,01,1,202008,03,0000556713,3
1,1,01,1,202008,03,0000556961,3
1,1,01,1,202008,03,0000635144,3
1,1,01,1,202008,03,0000685186,3
1,1,01,1,202008,03,0000685186,3
1,1,01,1,202008,03,0000744218,3
1,1,01,1,202008,03,0000744218,3
1,1,01,1,202008,03,0000965449,3
1,1,01,1,202008,03,0001262783,3
1,1,01,1,202008,03,0001296824,3
1,1,01,1,202008,03,0001396548,3
1,1,01,1,202008,03,0001396548,3
1,1,01,1,202008,03,0001575783,3
1,1,01,1,202008,03,0001761257,3
1,1,01,1,202008,03,0001761257,3
1,1,01,1,202008,03,0001761257,3
1,1,01,1,202008,03,0001761257,3
1,1,01,1,202008,04,0000173002,3
1,1,01,1,202008,04,0000427047,3
1,1,01,1,202008,04,0000541196,3
1,1,01,1,202008,04,0000565967,3
1,1,01,1,202008,04,0000601435,3
1,1,01,1,202008,04,0000634332,3
1,1,01,1,202008,04,0000653085,3
1,1,01,1,202008,04,0000702263,3
1,1,01,1,202008,04,0000791848,3
1,1,01,1,202008,04,0000885295,3
1,1,01,1,202008,04,0001053367,3
1,1,01,1,202008,04,0001130230,3
1,1,01,1,202008,04,0001479896,3
1,1,01,1,202008,04,0001479896,3
1,1,01,1,202008,04,0001479896,3
1,1,01,1,202008,04,0001479896,3
1,1,01,1,202008,04,0001615933,3
1,1,01,1,202008,05,0000524574,3
1,1,01,1,202008,05,0001459662,3
1,1,01,1,202008,05,0001797014,3
1,1,01,1,202008,06,0000450327,3
1,1,01,1,202008,06,0000610992,3
1,1,01,1,202008,06,0000668264,3
1,1,01,1,202008,07,0000388757,3
1,1,01,1,202008,07,0000484952,3
1,1,01,1,202008,07,0000525053,3
1,1,01,1,202008,07,0000721817,3
1,1,01,1,202008,07,0000792230,3
1,1,01,1,202008,07,0001019670,3
1,1,01,1,202008,07,0001262863,3
1,1,01,1,202008,08,0000469327,3
1,1,01,1,202008,08,0000537327,3
1,1,01,1,202008,08,0000786942,3
1,1,01,1,202008,08,0000859445,3
1,1,01,1,202008,08,0001351668,3
1,1,01,1,202008,08,0001484686,3
1,1,01,1,202008,09,0000394956,3
1,1,01,1,202008,09,0000484244,3
1,1,01,1,202008,09,0001268727,3
1,1,01,1,202008,09,0001301311,3
1,1,01,1,202008,09,0001485733,3
1,1,01,1,202008,10,0000832800,3
1,1,01,1,202008,11,0000483903,3
1,1,01,1,202008,11,0000560796,3
1,1,01,1,202008,11,0000603193,3
1,1,01,1,202008,11,0000610041,3
1,1,01,1,202008,11,0001200654,3
1,1,01,1,202008,11,0001268428,3
1,1,02,1,202008,01,0000340785,3
1,1,02,1,202008,01,0001552154,3
1,1,02,1,202008,02,0000141104,3
1,1,02,1,202008,02,0000354997,3
1,1,02,1,202008,02,0000457541,3
1,1,02,1,202008,02,0000468867,3
1,1,02,1,202008,02,0000476220,3
1,1,02,1,202008,02,0000484481,3
1,1,02,1,202008,02,0000515234,3
1,1,02,1,202008,02,0000529354,3
1,1,02,1,202008,02,0000602294,3
1,1,02,1,202008,02,0000632599,3
1,1,02,1,202008,02,0000632599,3
1,1,02,1,202008,02,0000657612,3
1,1,02,1,202008,02,0000680969,3
1,1,02,1,202008,02,0000725191,3
1,1,02,1,202008,02,0000725191,3
1,1,02,1,202008,02,0000851300,3
1,1,02,1,202008,02,0000949394,3
1,1,02,1,202008,02,0000949394,3
1,1,02,1,202008,02,0000956995,3
1,1,02,1,202008,02,0000962272,3
1,1,02,1,202008,02,0000967604,3
1,1,02,1,202008,02,0000979516,3
1,1,02,1,202008,02,0000995617,3
1,1,02,1,202008,02,0000995617,3
1,1,02,1,202008,02,0001031482,3
1,1,02,1,202008,02,0001039359,3
1,1,02,1,202008,02,0001039359,3
1,1,02,1,202008,02,0001039359,3
1,1,02,1,202008,02,0001147488,3
1,1,02,1,202008,02,0001309870,3
1,1,02,1,202008,02,0001439686,3
1,1,02,1,202008,02,0001504021,3
1,1,02,1,202008,02,0001704292,3
1,1,02,1,202008,02,0001704292,3
1,1,02,1,202008,02,0001704292,3
1,1,02,1,202008,03,0000438973,3
1,1,02,1,202008,03,0000438973,3
1,1,02,1,202008,03,0000442595,3
1,1,02,1,202008,03,0000489884,3
1,1,02,1,202008,03,0000508063,3
1,1,02,1,202008,03,0000515248,3
1,1,02,1,202008,03,0000536792,3
1,1,02,1,202008,03,0000536792,3
1,1,02,1,202008,03,0000536792,3
1,1,02,1,202008,03,0000536792,3
1,1,02,1,202008,03,0000536792,3
1,1,02,1,202008,03,0000556713,3
1,1,02,1,202008,03,0000556961,3
1,1,02,1,202008,03,0000556961,3
1,1,02,1,202008,03,0000566362,3
1,1,02,1,202008,03,0000635144,3
1,1,02,1,202008,03,0000657263,3
1,1,02,1,202008,03,0000685186,3
1,1,02,1,202008,03,0000744218,3
1,1,02,1,202008,03,0000760815,3
1,1,02,1,202008,03,0000764381,3
1,1,02,1,202008,03,0000778600,3
1,1,02,1,202008,03,0000860598,3
1,1,02,1,202008,03,0000965449,3
1,1,02,1,202008,03,0000965449,3
1,1,02,1,202008,03,0001118111,3
1,1,02,1,202008,03,0001118111,3
1,1,02,1,202008,03,0001139336,3
1,1,02,1,202008,03,0001139336,3
1,1,02,1,202008,03,0001139336,3
1,1,02,1,202008,03,0001139336,3
1,1,02,1,202008,03,0001178585,3
1,1,02,1,202008,03,0001178585,3
1,1,02,1,202008,03,0001275985,3
1,1,02,1,202008,03,0001296824,3
1,1,02,1,202008,03,0001396548,3
1,1,02,1,202008,03,0001396548,3
1,1,02,1,202008,03,0001396548,3
1,1,02,1,202008,03,0001711556,3
1,1,02,1,202008,03,0001711556,3
1,1,02,1,202008,03,0001711556,3
1,1,02,1,202008,03,0001750904,3
1,1,02,1,202008,03,0001750904,3
1,1,02,1,202008,03,0001750904,3
1,1,02,1,202008,03,0001761257,3
1,1,02,1,202008,03,0001761257,3
1,1,02,1,202008,03,0002072859,3
1,1,02,1,202008,04,0000404847,3
1,1,02,1,202008,04,0000513899,3
1,1,02,1,202008,04,0000536183,3
1,1,02,1,202008,04,0000565967,3
1,1,02,1,202008,04,0000601435,3
1,1,02,1,202008,04,0000625102,3
1,1,02,1,202008,04,0000634332,3
1,1,02,1,202008,04,0000653085,3
1,1,02,1,202008,04,0000679400,3
1,1,02,1,202008,04,0000679400,3
1,1,02,1,202008,04,0000691195,3
1,1,02,1,202008,04,0000791848,3
1,1,02,1,202008,04,0000828008,3
1,1,02,1,202008,04,0000895936,3
1,1,02,1,202008,04,0001037537,3
1,1,02,1,202008,04,0001037537,3
1,1,02,1,202008,04,0001451937,3
1,1,02,1,202008,04,0001451937,3
1,1,02,1,202008,04,0001451937,3
1,1,02,1,202008,04,0001476141,3
1,1,02,1,202008,04,0001479896,3
1,1,02,1,202008,04,0001532290,3
1,1,02,1,202008,04,0001571517,3
1,1,02,1,202008,04,0001615933,3
1,1,02,1,202008,05,0000390175,3
1,1,02,1,202008,05,0000524574,3
1,1,02,1,202008,05,0000577949,3
1,1,02,1,202008,05,0000797927,3
1,1,02,1,202008,05,0001022540,3
1,1,02,1,202008,05,0001022540,3
1,1,02,1,202008,05,0001236915,3
1,1,02,1,202008,05,0001374723,3
1,1,02,1,202008,05,0001374723,3
1,1,02,1,202008,05,0001459662,3
1,1,02,1,202008,05,0001605238,3
1,1,02,1,202008,05,0001719333,3
1,1,02,1,202008,05,0001782255,3
1,1,02,1,202008,05,0001797014,3
1,1,02,1,202008,06,0000387581,3
1,1,02,1,202008,06,0000485146,3
1,1,02,1,202008,06,0000485146,3
1,1,02,1,202008,06,0000510567,3
1,1,02,1,202008,06,0000604815,3
1,1,02,1,202008,06,0000610992,3
1,1,02,1,202008,06,0000612975,3
1,1,02,1,202008,06,0000668264,3
1,1,02,1,202008,06,0000668992,3
1,1,02,1,202008,06,0000716344,3
1,1,02,1,202008,06,0000764128,3
1,1,02,1,202008,06,0001116370,3
1,1,02,1,202008,06,0001961235,3
1,1,02,1,202008,07,0000385130,3
1,1,02,1,202008,07,0000386497,3
1,1,02,1,202008,07,0000513595,3
1,1,02,1,202008,07,0000550652,3
1,1,02,1,202008,07,0000576011,3
1,1,02,1,202008,07,0000652515,3
1,1,02,1,202008,07,0000688612,3
1,1,02,1,202008,07,0001151180,3
1,1,02,1,202008,07,0001151180,3
1,1,02,1,202008,07,0001576924,3
1,1,02,1,202008,07,0001576924,3
1,1,02,1,202008,07,0001576924,3
1,1,02,1,202008,08,0000155437,3
1,1,02,1,202008,08,0000386407,3
1,1,02,1,202008,08,0000438717,3
1,1,02,1,202008,08,0000553535,3
1,1,02,1,202008,08,0000786942,3
1,1,02,1,202008,08,0000865382,3
1,1,02,1,202008,08,0000865382,3
1,1,02,1,202008,08,0000975340,3
1,1,02,1,202008,08,0001091269,3
1,1,02,1,202008,08,0001283452,3
1,1,02,1,202008,08,0001484686,3
1,1,02,1,202008,08,0001502228,3
1,1,02,1,202008,09,0000259073,3
1,1,02,1,202008,09,0000339302,3
1,1,02,1,202008,09,0000345134,3
1,1,02,1,202008,09,0000351994,3
1,1,02,1,202008,09,0000404467,3
1,1,02,1,202008,09,0000404467,3
1,1,02,1,202008,09,0000444466,3
1,1,02,1,202008,09,0000484244,3
1,1,02,1,202008,09,0000524578,3
1,1,02,1,202008,09,0000738765,3
1,1,02,1,202008,09,0000783301,3
1,1,02,1,202008,09,0000783301,3
1,1,02,1,202008,09,0000857418,3
1,1,02,1,202008,09,0001268727,3
1,1,02,1,202008,09,0001268727,3
1,1,02,1,202008,10,0000098982,3
1,1,02,1,202008,10,0000332383,3
1,1,02,1,202008,10,0000351715,3
1,1,02,1,202008,10,0000358696,3
1,1,02,1,202008,10,0000405699,3
1,1,02,1,202008,10,0000505876,3
1,1,02,1,202008,10,0000562105,3
1,1,02,1,202008,10,0000666323,3
1,1,02,1,202008,10,0000786794,3
1,1,02,1,202008,10,0000888470,3
1,1,02,1,202008,10,0000888470,3
1,1,02,1,202008,10,0001270028,3
1,1,02,1,202008,10,0001345357,3
1,1,02,1,202008,10,0001404342,3
1,1,02,1,202008,11,0000192196,3
1,1,02,1,202008,11,0000285158,3
1,1,02,1,202008,11,0000331551,3
1,1,02,1,202008,11,0000335070,3
1,1,02,1,202008,11,0000339096,3
1,1,02,1,202008,11,0000462323,3
1,1,02,1,202008,11,0000462323,3
1,1,02,1,202008,11,0000576421,3
1,1,02,1,202008,11,0000603193,3
1,1,02,1,202008,11,0001002185,3
1,1,02,1,202008,11,0001002185,3
1,1,03,1,202008,01,0000413996,3
1,1,03,1,202008,01,0000625699,3
1,1,03,1,202008,01,0001081848,3
1,1,03,1,202008,02,0000340750,3
1,1,03,1,202008,02,0000463509,3
1,1,03,1,202008,02,0000496267,3
1,1,03,1,202008,02,0000632599,3
1,1,03,1,202008,02,0000632599,3
1,1,03,1,202008,02,0000741126,3
1,1,03,1,202008,02,0000915289,3
1,1,03,1,202008,02,0001031482,3
1,1,03,1,202008,02,0001031482,3
1,1,03,1,202008,02,0001428784,3
1,1,03,1,202008,03,0000465990,3
1,1,03,1,202008,03,0000508063,3
1,1,03,1,202008,03,0000778600,3
1,1,03,1,202008,03,0000808769,3
1,1,03,1,202008,03,0000964477,3
1,1,03,1,202008,03,0000965449,3
1,1,03,1,202008,03,0001296824,3
1,1,03,1,202008,03,0001930933,3
1,1,03,1,202008,04,0000817318,3
1,1,03,1,202008,05,0000329833,3
1,1,03,1,202008,05,0000441373,3
1,1,03,1,202008,05,0000519767,3
1,1,03,1,202008,05,0001234732,3
1,1,03,1,202008,05,0001236915,3
1,1,03,1,202008,05,0001719333,3
1,1,03,1,202008,05,0001797014,3
1,1,03,1,202008,05,0001797014,3
1,1,03,1,202008,05,0001797014,3
1,1,03,1,202008,06,0000357638,3
1,1,03,1,202008,06,0000387581,3
1,1,03,1,202008,06,0000463589,3
1,1,03,1,202008,06,0000661736,3
1,1,03,1,202008,06,0000778145,3
1,1,03,1,202008,06,0001627647,3
1,1,03,1,202008,07,0000388757,3
1,1,03,1,202008,07,0000424256,3
1,1,03,1,202008,07,0000445528,3
1,1,03,1,202008,07,0000479688,3
1,1,03,1,202008,07,0000503277,3
1,1,03,1,202008,07,0000663897,3
1,1,03,1,202008,07,0000792230,3
1,1,03,1,202008,07,0001262863,3
1,1,03,1,202008,08,0000379883,3
1,1,03,1,202008,08,0000472975,3
1,1,03,1,202008,08,0000478408,3
1,1,03,1,202008,08,0000537976,3
1,1,03,1,202008,08,0000553535,3
1,1,03,1,202008,08,0000929427,3
1,1,03,1,202008,08,0000975340,3
1,1,03,1,202008,08,0001091269,3
1,1,03,1,202008,08,0001164486,3
1,1,03,1,202008,08,0001283452,3
1,1,03,1,202008,08,0001283452,3
1,1,03,1,202008,08,0001502228,3
1,1,03,1,202008,09,0000288193,3
1,1,03,1,202008,09,0000379140,3
1,1,03,1,202008,09,0000379140,3
1,1,03,1,202008,09,0000426381,3
1,1,03,1,202008,09,0000492979,3
1,1,03,1,202008,09,0000779845,3
1,1,03,1,202008,09,0001268727,3
1,1,03,1,202008,09,0001301311,3
1,1,03,1,202008,10,0000230389,3
1,1,03,1,202008,10,0000261824,3
1,1,03,1,202008,10,0000269984,3
1,1,03,1,202008,10,0000311416,3
1,1,03,1,202008,10,0000448727,3
1,1,03,1,202008,10,0000463060,3
1,1,03,1,202008,10,0000507749,3
1,1,03,1,202008,10,0000562105,3
1,1,03,1,202008,10,0000666323,3
1,1,03,1,202008,10,0000728015,3
1,1,03,1,202008,10,0001270028,3
1,1,03,1,202008,10,0001270028,3
1,1,03,1,202008,10,0001404342,3
1,1,03,1,202008,11,0000084232,3
1,1,03,1,202008,11,0000192196,3
1,1,03,1,202008,11,0000192196,3
1,1,03,1,202008,11,0000197475,3
1,1,03,1,202008,11,0000271360,3
1,1,03,1,202008,11,0000271360,3
1,1,03,1,202008,11,0000274586,3
1,1,03,1,202008,11,0000275249,3
1,1,03,1,202008,11,0000285158,3
1,1,03,1,202008,11,0000297968,3
1,1,03,1,202008,11,0000318294,3
1,1,03,1,202008,11,0000325187,3
1,1,03,1,202008,11,0000327309,3
1,1,03,1,202008,11,0000347091,3
1,1,03,1,202008,11,0000418708,3
1,1,03,1,202008,11,0000437225,3
1,1,03,1,202008,11,0000533464,3
1,1,03,1,202008,11,0000533464,3
1,1,03,1,202008,11,0000603193,3
1,1,03,1,202008,11,0000609597,3
1,1,03,1,202008,11,0000610041,3
1,1,03,1,202008,11,0001200654,3
1,1,03,1,202008,11,0001200654,3
1,1,04,1,202008,01,0000120944,3
1,1,04,1,202008,01,0000497923,3
1,1,04,1,202008,02,0000107725,3
1,1,04,1,202008,02,0000107725,3
1,1,04,1,202008,02,0000354997,3
1,1,04,1,202008,02,0000354997,3
1,1,04,1,202008,02,0000457541,3
1,1,04,1,202008,02,0000457541,3
1,1,04,1,202008,02,0000476220,3
1,1,04,1,202008,02,0000476220,3
1,1,04,1,202008,02,0000484481,3
1,1,04,1,202008,02,0000496267,3
1,1,04,1,202008,02,0000515234,3
1,1,04,1,202008,02,0000529354,3
1,1,04,1,202008,02,0000645623,3
1,1,04,1,202008,02,0000645623,3
1,1,04,1,202008,02,0000645623,3
1,1,04,1,202008,02,0000733697,3
1,1,04,1,202008,02,0000741126,3
1,1,04,1,202008,02,0000741126,3
1,1,04,1,202008,02,0000831722,3
1,1,04,1,202008,02,0000949394,3
1,1,04,1,202008,02,0000949394,3
1,1,04,1,202008,02,0000979516,3
1,1,04,1,202008,02,0000995617,3
1,1,04,1,202008,02,0001031482,3
1,1,04,1,202008,02,0001039359,3
1,1,04,1,202008,02,0001039359,3
1,1,04,1,202008,02,0001436339,3
1,1,04,1,202008,02,0001504021,3
1,1,04,1,202008,02,0001704292,3
1,1,04,1,202008,02,0001704292,3
1,1,04,1,202008,02,0001704292,3
1,1,04,1,202008,03,0000442595,3
1,1,04,1,202008,03,0000442595,3
1,1,04,1,202008,03,0000442595,3
1,1,04,1,202008,03,0000442595,3
1,1,04,1,202008,03,0000489884,3
1,1,04,1,202008,03,0000489884,3
1,1,04,1,202008,03,0000489884,3
1,1,04,1,202008,03,0000489884,3
1,1,04,1,202008,03,0000489884,3
1,1,04,1,202008,03,0000515248,3
1,1,04,1,202008,03,0000536792,3
1,1,04,1,202008,03,0000536792,3
1,1,04,1,202008,03,0000536792,3
1,1,04,1,202008,03,0000536792,3
1,1,04,1,202008,03,0000556713,3
1,1,04,1,202008,03,0000635144,3
1,1,04,1,202008,03,0000653700,3
1,1,04,1,202008,03,0000685186,3
1,1,04,1,202008,03,0000744218,3
1,1,04,1,202008,03,0000744218,3
1,1,04,1,202008,03,0000760815,3
1,1,04,1,202008,03,0000760815,3
1,1,04,1,202008,03,0000778600,3
1,1,04,1,202008,03,0000808769,3
1,1,04,1,202008,03,0000808769,3
1,1,04,1,202008,03,0000917863,3
1,1,04,1,202008,03,0000978740,3
1,1,04,1,202008,03,0000978740,3
1,1,04,1,202008,03,0001118111,3
1,1,04,1,202008,03,0001133453,3
1,1,04,1,202008,03,0001139336,3
1,1,04,1,202008,03,0001139336,3
1,1,04,1,202008,03,0001262783,3
1,1,04,1,202008,03,0001296824,3
1,1,04,1,202008,03,0001296824,3
1,1,04,1,202008,03,0001315529,3
1,1,04,1,202008,03,0001315529,3
1,1,04,1,202008,03,0001396548,3
1,1,04,1,202008,03,0001575783,3
1,1,04,1,202008,03,0001750904,3
1,1,04,1,202008,03,0001750904,3
1,1,04,1,202008,03,0001761257,3
1,1,04,1,202008,03,0001761257,3
1,1,04,1,202008,03,0001761257,3
1,1,04,1,202008,03,0001761257,3
1,1,04,1,202008,03,0002072859,3
1,1,04,1,202008,04,0000536183,3
1,1,04,1,202008,04,0000541196,3
1,1,04,1,202008,04,0000601435,3
1,1,04,1,202008,04,0000634332,3
1,1,04,1,202008,04,0000801442,3
1,1,04,1,202008,04,0000882169,3
1,1,04,1,202008,04,0000895936,3
1,1,04,1,202008,04,0000911800,3
1,1,04,1,202008,04,0000911800,3
1,1,04,1,202008,04,0001037537,3
1,1,04,1,202008,05,0000078732,3
1,1,04,1,202008,05,0000374245,3
1,1,04,1,202008,05,0000422448,3
1,1,04,1,202008,05,0000696891,3
1,1,04,1,202008,05,0000730590,3
1,1,04,1,202008,05,0000745838,3
1,1,04,1,202008,05,0001022540,3
1,1,04,1,202008,05,0001797014,3
1,1,04,1,202008,06,0000445492,3
1,1,04,1,202008,06,0000479853,3
1,1,04,1,202008,06,0000668264,3
1,1,04,1,202008,06,0000764128,3
1,1,04,1,202008,06,0000795690,3
1,1,04,1,202008,07,0000386497,3
1,1,04,1,202008,07,0000460147,3
1,1,04,1,202008,07,0000721817,3
1,1,04,1,202008,07,0001561572,3
1,1,04,1,202008,08,0000469327,3
1,1,04,1,202008,08,0000641502,3
1,1,04,1,202008,08,0000786942,3
1,1,04,1,202008,08,0000929427,3
1,1,04,1,202008,08,0001164486,3
1,1,04,1,202008,09,0000345134,3
1,1,04,1,202008,09,0000396938,3
1,1,04,1,202008,09,0000492979,3
1,1,04,1,202008,09,0000783301,3
1,1,04,1,202008,09,0000857418,3
1,1,04,1,202008,09,0001268727,3
1,1,04,1,202008,09,0001301311,3
1,1,04,1,202008,10,0000098982,3
1,1,04,1,202008,11,0001270974,3
1,1,05,1,202008,05,0000868857,3
1,1,05,1,202008,08,0000404199,3
1,1,05,1,202008,09,0000356337,3
1,1,05,1,202008,10,0000406908,3
1,1,05,1,202008,10,0000648742,3
1,1,05,1,202008,10,0000648742,3
1,1,05,1,202008,11,0000326561,3
1,1,05,1,202008,11,0000357814,3
1,1,05,1,202008,11,0000381135,3
1,1,05,1,202008,11,0000464583,3
1,1,05,1,202008,11,0000507480,3
1,1,05,1,202008,11,0000533464,3
1,1,05,1,202008,11,0000603193,3
1,1,05,1,202008,11,0000603193,3
1,1,05,1,202008,11,0000603193,3
1,1,05,1,202008,11,0000610041,3
1,1,05,1,202008,11,0000660590,3
1,1,05,1,202008,11,0000715021,3
1,1,05,1,202008,11,0000715021,3
1,1,05,1,202008,11,0001002185,3
1,1,05,1,202008,11,0001059454,3
1,1,06,1,202008,01,0000337494,3
1,1,06,1,202008,01,0000404207,3
1,1,06,1,202008,01,0000637292,3
1,1,06,1,202008,01,0000660431,3
1,1,06,1,202008,01,0000730891,3
1,1,06,1,202008,01,0000781105,3
1,1,06,1,202008,01,0000822521,3
1,1,06,1,202008,02,0000457541,3
1,1,06,1,202008,02,0000463509,3
1,1,06,1,202008,02,0000468867,3
1,1,06,1,202008,02,0000484481,3
1,1,06,1,202008,02,0000491938,3
1,1,06,1,202008,02,0000496267,3
1,1,06,1,202008,02,0000515234,3
1,1,06,1,202008,02,0000515234,3
1,1,06,1,202008,02,0000632599,3
1,1,06,1,202008,02,0000632599,3
1,1,06,1,202008,02,0000632599,3
1,1,06,1,202008,02,0000657612,3
1,1,06,1,202008,02,0001030222,3
1,1,06,1,202008,02,0001213265,3
1,1,06,1,202008,02,0001439686,3
1,1,06,1,202008,02,0001439686,3
1,1,06,1,202008,02,0001500883,3
1,1,06,1,202008,02,0001504021,3
1,1,06,1,202008,02,0001504021,3
1,1,06,1,202008,02,0001504021,3
1,1,06,1,202008,02,0001504021,3
1,1,06,1,202008,03,0000184313,3
1,1,06,1,202008,03,0000438973,3
1,1,06,1,202008,03,0000536792,3
1,1,06,1,202008,03,0000556713,3
1,1,06,1,202008,03,0000566362,3
1,1,06,1,202008,03,0000635144,3
1,1,06,1,202008,03,0000635144,3
1,1,06,1,202008,03,0000653700,3
1,1,06,1,202008,03,0000653700,3
1,1,06,1,202008,03,0000685186,3
1,1,06,1,202008,03,0000685186,3
1,1,06,1,202008,03,0000965449,3
1,1,06,1,202008,03,0001118111,3
1,1,06,1,202008,03,0001139336,3
1,1,06,1,202008,03,0001275985,3
1,1,06,1,202008,03,0001315529,3
1,1,06,1,202008,03,0001396548,3
1,1,06,1,202008,03,0001396548,3
1,1,06,1,202008,03,0001396548,3
1,1,06,1,202008,03,0001396548,3
1,1,06,1,202008,03,0001396548,3
1,1,06,1,202008,03,0001575783,3
1,1,06,1,202008,03,0001575783,3
1,1,06,1,202008,03,0001575783,3
1,1,06,1,202008,03,0001711556,3
1,1,06,1,202008,03,0001750904,3
1,1,06,1,202008,03,0001750904,3
1,1,06,1,202008,03,0001750904,3
1,1,06,1,202008,03,0001761257,3
1,1,06,1,202008,03,0001761257,3
1,1,06,1,202008,04,0000427047,3
1,1,06,1,202008,04,0000502459,3
1,1,06,1,202008,04,0000601435,3
1,1,06,1,202008,04,0000625102,3
1,1,06,1,202008,04,0000667641,3
1,1,06,1,202008,04,0000679400,3
1,1,06,1,202008,04,0000702263,3
1,1,06,1,202008,04,0000829469,3
1,1,06,1,202008,04,0000885295,3
1,1,06,1,202008,04,0000895936,3
1,1,06,1,202008,04,0001451937,3
1,1,06,1,202008,04,0001479896,3
1,1,06,1,202008,04,0001479896,3
1,1,06,1,202008,04,0001479896,3
1,1,06,1,202008,04,0001615933,3
1,1,06,1,202008,04,0001804579,3
1,1,06,1,202008,05,0000078732,3
1,1,06,1,202008,05,0000489204,3
1,1,06,1,202008,05,0000577949,3
1,1,06,1,202008,05,0000648928,3
1,1,06,1,202008,05,0000710040,3
1,1,06,1,202008,05,0000730590,3
1,1,06,1,202008,05,0000745838,3
1,1,06,1,202008,05,0000794115,3
1,1,06,1,202008,05,0000828426,3
1,1,06,1,202008,05,0001022540,3
1,1,06,1,202008,05,0001374723,3
1,1,06,1,202008,06,0000357638,3
1,1,06,1,202008,06,0000403308,3
1,1,06,1,202008,06,0000539801,3
1,1,06,1,202008,06,0000577832,3
1,1,06,1,202008,06,0000577832,3
1,1,06,1,202008,06,0000604815,3
1,1,06,1,202008,06,0000661736,3
1,1,06,1,202008,06,0000661736,3
1,1,06,1,202008,06,0000668992,3
1,1,06,1,202008,06,0000795690,3
1,1,06,1,202008,06,0000795690,3
1,1,06,1,202008,06,0000994949,3
1,1,06,1,202008,06,0000994949,3
1,1,06,1,202008,06,0001244775,3
1,1,06,1,202008,06,0001627647,3
1,1,06,1,202008,06,0001627647,3
1,1,06,1,202008,06,0001627647,3
1,1,06,1,202008,07,0000290922,3
1,1,06,1,202008,07,0000407240,3
1,1,06,1,202008,07,0000444024,3
1,1,06,1,202008,07,0000471177,3
1,1,06,1,202008,07,0000473886,3
1,1,06,1,202008,07,0000503277,3
1,1,06,1,202008,07,0000516739,3
1,1,06,1,202008,07,0000525053,3
1,1,06,1,202008,07,0000525053,3
1,1,06,1,202008,07,0000550606,3
1,1,06,1,202008,07,0000576011,3
1,1,06,1,202008,07,0000688612,3
1,1,06,1,202008,07,0000688612,3
1,1,06,1,202008,07,0000721817,3
1,1,06,1,202008,07,0000721817,3
1,1,06,1,202008,07,0000721817,3
1,1,06,1,202008,07,0000721817,3
1,1,06,1,202008,07,0000791999,3
1,1,06,1,202008,07,0000792230,3
1,1,06,1,202008,07,0000809148,3
1,1,06,1,202008,07,0000809148,3
1,1,06,1,202008,07,0000829861,3
1,1,06,1,202008,07,0000880306,3
1,1,06,1,202008,07,0001151180,3
1,1,06,1,202008,07,0001151180,3
1,1,06,1,202008,07,0001151180,3
1,1,06,1,202008,07,0001262863,3
1,1,06,1,202008,07,0001396597,3
1,1,06,1,202008,07,0001396597,3
1,1,06,1,202008,07,0001561572,3
1,1,06,1,202008,07,0001576924,3
1,1,06,1,202008,08,0000356766,3
1,1,06,1,202008,08,0000356766,3
1,1,06,1,202008,08,0000370170,3
1,1,06,1,202008,08,0000386407,3
1,1,06,1,202008,08,0000423907,3
1,1,06,1,202008,08,0000423907,3
1,1,06,1,202008,08,0000469327,3
1,1,06,1,202008,08,0000469327,3
1,1,06,1,202008,08,0000471961,3
1,1,06,1,202008,08,0000472975,3
1,1,06,1,202008,08,0000537327,3
1,1,06,1,202008,08,0000537327,3
1,1,06,1,202008,08,0000537976,3
1,1,06,1,202008,08,0000553535,3
1,1,06,1,202008,08,0000736149,3
1,1,06,1,202008,08,0000774179,3
1,1,06,1,202008,08,0000774179,3
1,1,06,1,202008,08,0000786942,3
1,1,06,1,202008,08,0000859445,3
1,1,06,1,202008,08,0000859445,3
1,1,06,1,202008,08,0000865382,3
1,1,06,1,202008,08,0000878501,3
1,1,06,1,202008,08,0000983098,3
1,1,06,1,202008,08,0001091269,3
1,1,06,1,202008,08,0001351668,3
1,1,06,1,202008,08,0001351668,3
1,1,06,1,202008,08,0001484686,3
1,1,06,1,202008,08,0001484686,3
1,1,06,1,202008,08,0001484686,3
1,1,06,1,202008,08,0001502228,3
1,1,06,1,202008,09,0000288193,3
1,1,06,1,202008,09,0000345134,3
1,1,06,1,202008,09,0000345134,3
1,1,06,1,202008,09,0000426381,3
1,1,06,1,202008,09,0000426381,3
1,1,06,1,202008,09,0000426381,3
1,1,06,1,202008,09,0000451710,3
1,1,06,1,202008,09,0000451710,3
1,1,06,1,202008,09,0000451710,3
1,1,06,1,202008,09,0000461014,3
1,1,06,1,202008,09,0000474736,3
1,1,06,1,202008,09,0000492979,3
1,1,06,1,202008,09,0000524578,3
1,1,06,1,202008,09,0000654673,3
1,1,06,1,202008,09,0000654842,3
1,1,06,1,202008,09,0000698688,3
1,1,06,1,202008,09,0000738765,3
1,1,06,1,202008,09,0000763069,3
1,1,06,1,202008,09,0000779845,3
1,1,06,1,202008,09,0000783301,3
1,1,06,1,202008,09,0000857418,3
1,1,06,1,202008,09,0000857418,3
1,1,06,1,202008,09,0001268727,3
1,1,06,1,202008,09,0001268727,3
1,1,06,1,202008,09,0001268727,3
1,1,06,1,202008,09,0001384866,3
1,1,06,1,202008,09,0001384866,3
1,1,06,1,202008,09,0001485733,3
1,1,06,1,202008,09,0001485733,3
1,1,06,1,202008,10,0000285435,3
1,1,06,1,202008,10,0000293457,3
1,1,06,1,202008,10,0000293457,3
1,1,06,1,202008,10,0000311416,3
1,1,06,1,202008,10,0000332383,3
1,1,06,1,202008,10,0000332383,3
1,1,06,1,202008,10,0000332383,3
1,1,06,1,202008,10,0000358696,3
1,1,06,1,202008,10,0000358696,3
1,1,06,1,202008,10,0000405699,3
1,1,06,1,202008,10,0000405699,3
1,1,06,1,202008,10,0000406908,3
1,1,06,1,202008,10,0000440241,3
1,1,06,1,202008,10,0000448727,3
1,1,06,1,202008,10,0000463060,3
1,1,06,1,202008,10,0000475277,3
1,1,06,1,202008,10,0000480179,3
1,1,06,1,202008,10,0000480179,3
1,1,06,1,202008,10,0000480179,3
1,1,06,1,202008,10,0000505876,3
1,1,06,1,202008,10,0000505876,3
1,1,06,1,202008,10,0000507749,3
1,1,06,1,202008,10,0000507749,3
1,1,06,1,202008,10,0000507749,3
1,1,06,1,202008,10,0000509948,3
1,1,06,1,202008,10,0000548792,3
1,1,06,1,202008,10,0000648742,3
1,1,06,1,202008,10,0000732278,3
1,1,06,1,202008,10,0000732278,3
1,1,06,1,202008,10,0000786794,3
1,1,06,1,202008,10,0000786794,3
1,1,06,1,202008,10,0000888470,3
1,1,06,1,202008,10,0000888470,3
1,1,06,1,202008,10,0000888470,3
1,1,06,1,202008,10,0001223606,3
1,1,06,1,202008,10,0001265182,3
1,1,06,1,202008,10,0001270028,3
1,1,06,1,202008,10,0001270028,3
1,1,06,1,202008,10,0001270028,3
1,1,06,1,202008,10,0001271447,3
1,1,06,1,202008,10,0001271447,3
1,1,06,1,202008,10,0001404342,3
1,1,06,1,202008,10,0001404342,3
1,1,06,1,202008,10,0001404342,3
1,1,06,1,202008,10,0001404342,3
1,1,06,1,202008,11,0000074830,3
1,1,06,1,202008,11,0000074830,3
1,1,06,1,202008,11,0000197475,3
1,1,06,1,202008,11,0000241179,3
1,1,06,1,202008,11,0000247709,3
1,1,06,1,202008,11,0000251836,3
1,1,06,1,202008,11,0000251836,3
1,1,06,1,202008,11,0000251836,3
1,1,06,1,202008,11,0000266456,3
1,1,06,1,202008,11,0000275249,3
1,1,06,1,202008,11,0000297968,3
1,1,06,1,202008,11,0000297968,3
1,1,06,1,202008,11,0000310819,3
1,1,06,1,202008,11,0000310819,3
1,1,06,1,202008,11,0000325187,3
1,1,06,1,202008,11,0000327309,3
1,1,06,1,202008,11,0000327309,3
1,1,06,1,202008,11,0000339096,3
1,1,06,1,202008,11,0000345083,3
1,1,06,1,202008,11,0000345083,3
1,1,06,1,202008,11,0000347091,3
1,1,06,1,202008,11,0000347720,3
1,1,06,1,202008,11,0000347720,3
1,1,06,1,202008,11,0000348915,3
1,1,06,1,202008,11,0000357814,3
1,1,06,1,202008,11,0000357814,3
1,1,06,1,202008,11,0000366294,3
1,1,06,1,202008,11,0000368832,3
1,1,06,1,202008,11,0000381135,3
1,1,06,1,202008,11,0000418708,3
1,1,06,1,202008,11,0000419401,3
1,1,06,1,202008,11,0000443451,3
1,1,06,1,202008,11,0000443451,3
1,1,06,1,202008,11,0000443451,3
1,1,06,1,202008,11,0000444914,3
1,1,06,1,202008,11,0000444914,3
1,1,06,1,202008,11,0000454883,3
1,1,06,1,202008,11,0000462323,3
1,1,06,1,202008,11,0000464583,3
1,1,06,1,202008,11,0000464583,3
1,1,06,1,202008,11,0000483903,3
1,1,06,1,202008,11,0000483903,3
1,1,06,1,202008,11,0000507480,3
1,1,06,1,202008,11,0000572683,3
1,1,06,1,202008,11,0000572683,3
1,1,06,1,202008,11,0000572683,3
1,1,06,1,202008,11,0000595646,3
1,1,06,1,202008,11,0000603193,3
1,1,06,1,202008,11,0000603193,3
1,1,06,1,202008,11,0000603193,3
1,1,06,1,202008,11,0000609597,3
1,1,06,1,202008,11,0000610865,3
1,1,06,1,202008,11,0000615246,3
1,1,06,1,202008,11,0000615246,3
1,1,06,1,202008,11,0000615417,3
1,1,06,1,202008,11,0000660590,3
1,1,06,1,202008,11,0000660590,3
1,1,06,1,202008,11,0000665735,3
1,1,06,1,202008,11,0000715021,3
1,1,06,1,202008,11,0001002185,3
1,1,06,1,202008,11,0001059454,3
1,1,06,1,202008,11,0001059454,3
1,1,06,1,202008,11,0001059454,3
1,1,06,1,202008,11,0001102638,3
1,1,06,1,202008,11,0001102638,3
1,1,06,1,202008,11,0001102638,3
1,1,06,1,202008,11,0001200654,3
1,1,06,1,202008,11,0001200654,3
1,1,06,1,202008,11,0001200654,3
1,1,06,1,202008,11,0001210155,3
1,1,06,1,202008,11,0001210155,3
1,1,06,1,202008,11,0001212174,3
1,1,06,1,202008,11,0001270974,3
1,1,06,1,202008,11,0001270974,3
1,1,06,1,202008,11,0001270974,3
1,1,06,1,202008,11,0001371613,3
1,1,06,1,202008,11,0001371613,3
